RMS,Std_Dev,Peak,Peak_to_Peak,Skewness,Kurtosis,Crest_Factor,Fault_Type,Load_HP,RPM,Source_File,Window,Sampling_Rate_Hz,Binary_Label
0.13826566756094869,0.13742061759945678,0.5258025149700598,1.0462446706586825,-0.02480805141038255,2.964506058704737,3.8028421968040735,Ball,0,1796.0,B007_0.mat,1,12000,1
0.13708024504191815,0.1362675961242987,0.5579646706586827,1.070122634730539,-0.02041299209174542,2.9399156724063995,4.070350694865341,Ball,0,1796.0,B007_0.mat,2,12000,1
0.14031066707383172,0.13961381729079775,0.5920760479041917,1.048193892215569,0.011748912633649548,2.97322481599387,4.219750787676323,Ball,0,1796.0,B007_0.mat,3,12000,1
0.13872326204710483,0.1380758582486351,0.4954271457085829,0.9710372055888223,-0.01438911490986037,2.8786965777600924,3.5713343126285175,Ball,0,1796.0,B007_0.mat,4,12000,1
0.1382653693338389,0.1377131545786874,0.6070200798403194,1.1456549700598804,-0.027351009338125454,3.0241994981311744,4.390253920883701,Ball,0,1796.0,B007_0.mat,5,12000,1
0.13579888259312992,0.1352659384080108,0.5790812375249501,1.0493309381237526,-0.014574046171371953,2.922679809159068,4.264256277129676,Ball,0,1796.0,B007_0.mat,6,12000,1
0.1376502687537137,0.13716089249240845,0.5160564071856288,0.993128383233533,0.01888332411452223,2.979702697435995,3.7490403168697486,Ball,0,1796.0,B007_0.mat,7,12000,1
0.1403757913783856,0.139933552408021,0.5391221956087824,1.07044750499002,0.007369705702310312,2.9051325214881363,3.8405638915015503,Ball,0,1796.0,B007_0.mat,8,12000,1
0.1432670784259176,0.14282342764816344,0.565923992015968,1.1235637924151696,-0.0075316580322133545,3.063574945360809,3.950132844431551,Ball,0,1796.0,B007_0.mat,9,12000,1
0.14121403698071672,0.14080163536410423,0.522391377245509,1.0155444311377246,-0.01533298661677595,3.0383887066202377,3.6992878924411983,Ball,0,1796.0,B007_0.mat,10,12000,1
0.13847130515995004,0.13840733418876847,0.5152442315369261,1.0301635928143713,0.017413049045234153,2.9836384027184133,3.720945873527809,Ball,1,1772.0,B007_1.mat,1,12000,1
0.1387644332023076,0.13871584110493076,0.6396695409181637,1.2310958483033931,0.0065825156250358145,3.1154510151527934,4.6097514049985415,Ball,1,1772.0,B007_1.mat,2,12000,1
0.13518349178027933,0.1351412552943634,0.5298633932135728,0.9996257884231536,0.03627290144300685,2.9455403423178965,3.9195865281745124,Ball,1,1772.0,B007_1.mat,3,12000,1
0.13918985546474869,0.1391398586080767,0.6596490618762475,1.251075369261477,0.026070695192804715,2.98175814459632,4.739203584009114,Ball,1,1772.0,B007_1.mat,4,12000,1
0.14030105132165088,0.1402446319204269,0.5214167664670659,1.0300011576846306,0.013067271748240721,2.9898308094262385,3.7164138226710657,Ball,1,1772.0,B007_1.mat,5,12000,1
0.1395880798719322,0.13953118522273159,0.5470815169660679,1.0399097005988023,0.0033986741500915646,2.9535531522519323,3.919256697763867,Ball,1,1772.0,B007_1.mat,6,12000,1
0.13958774710676894,0.13953437774132968,0.5285639121756487,1.0415340518962075,0.004701339575519794,2.91859603642852,3.7866067984560043,Ball,1,1772.0,B007_1.mat,7,12000,1
0.14009097941878823,0.14003591174181185,0.562187984031936,1.0775946506986027,-0.01657211891946848,2.996621618442966,4.013020583940171,Ball,1,1772.0,B007_1.mat,8,12000,1
0.1380366778578015,0.13797663779756708,0.47642223552894214,0.9445602794411178,-0.009367052611898711,2.8619249655053873,3.4514177168167475,Ball,1,1772.0,B007_1.mat,9,12000,1
0.1414152837704389,0.14135601025710562,0.5292136526946108,1.0442954491017966,-0.001488123521183888,2.8642457858268195,3.7422663136870664,Ball,1,1772.0,B007_1.mat,10,12000,1
0.14433062631435908,0.14424915867923918,0.49965045908183636,0.9658392814371257,-0.006166795717756853,2.724532252319681,3.461846399762539,Ball,2,1748.0,B007_2.mat,1,12000,1
0.14754348843845763,0.14746491741857298,0.5667361676646706,1.124863273453094,0.006670537496894543,2.8107535779982316,3.8411465911697205,Ball,2,1748.0,B007_2.mat,2,12000,1
0.14658436578753137,0.14650775749624256,0.5522794411177645,1.084579361277445,0.021809026396150382,2.7772089545455936,3.767655835263313,Ball,2,1748.0,B007_2.mat,3,12000,1
0.15025615765069056,0.1501792257131905,0.5191426746506986,1.0351990818363275,0.03066558588086801,2.793894450135989,3.455050912838997,Ball,2,1748.0,B007_2.mat,4,12000,1
0.14961440115969585,0.14954225914815975,0.5488683033932136,1.079219001996008,0.02990892960957085,2.8800895754256604,3.6685526201943683,Ball,2,1748.0,B007_2.mat,5,12000,1
0.14715124896235415,0.14707409543451055,0.6045835528942115,1.1341220758483033,0.039433885680026336,2.8957259144746086,4.108585942405985,Ball,2,1748.0,B007_2.mat,6,12000,1
0.14761417556718734,0.14754378419269276,0.5519545708582835,1.0490060678642714,0.04073449611945526,2.841748857698619,3.7391705013253187,Ball,2,1748.0,B007_2.mat,7,12000,1
0.1480416774131896,0.14797920155261757,0.5677107784431138,1.0818179640718564,0.04967676538009664,2.8431805921345377,3.8348037415072835,Ball,2,1748.0,B007_2.mat,8,12000,1
0.14571702419348673,0.14566050160841143,0.5548784031936127,1.1040715768463074,0.029019608927710577,2.907808506705039,3.8079174774858924,Ball,2,1748.0,B007_2.mat,9,12000,1
0.14510134542994502,0.14504175458611965,0.5236908582834332,1.0329249900199602,0.023308524092029954,2.8438318306491577,3.609138541973557,Ball,2,1748.0,B007_2.mat,10,12000,1
0.15480458727035074,0.1547666237361117,0.6239133333333333,1.233532375249501,0.035955493088764216,2.8329972948405544,4.030328456893407,Ball,3,1722.0,B007_3.mat,1,12000,1
0.1541502004385643,0.15409908795830204,0.5873654291417165,1.1360712974051896,0.013092388139285448,2.8462643933215577,3.810344893945225,Ball,3,1722.0,B007_3.mat,2,12000,1
0.15480614850929922,0.15475680919010856,0.5236908582834332,1.0257778443113774,0.007075397217750191,2.750090248584858,3.3828815155360257,Ball,3,1722.0,B007_3.mat,3,12000,1
0.15348725378487746,0.15343555282387203,0.5940252694610779,1.173431377245509,0.02248908215841435,2.9442673177049676,3.870192832387526,Ball,3,1722.0,B007_3.mat,4,12000,1
0.15896143829575038,0.15890826936966373,0.6258625548902196,1.2090046706586826,0.01408984466574716,2.819764679407143,3.937197358052284,Ball,3,1722.0,B007_3.mat,5,12000,1
0.15662059717971566,0.1565626862596911,0.5815177644710579,1.1297363273453094,0.0013353485040980171,2.8613025438656554,3.71290733749272,Ball,3,1722.0,B007_3.mat,6,12000,1
0.15152148720350736,0.15145469706429715,0.720562235528942,1.3920690618762475,0.03182635558326023,3.1252236716220496,4.755511900177962,Ball,3,1722.0,B007_3.mat,7,12000,1
0.1517194455831351,0.15165292960552823,0.5946750099800399,1.1752181636726546,0.016402702229719048,3.027305902732011,3.9195701493266135,Ball,3,1722.0,B007_3.mat,8,12000,1
0.15073568174595844,0.15067077070025398,0.5565027544910179,1.0753205588822354,0.04776383357316014,2.8468829685581962,3.6919112186649796,Ball,3,1722.0,B007_3.mat,9,12000,1
0.1493961553014739,0.149317490561256,0.5465942115768464,1.0368234331337325,0.01867222008008599,2.8622269449372304,3.658689947367433,Ball,3,1722.0,B007_3.mat,10,12000,1
0.28930221212320245,0.28890600468357347,1.5845546906187624,2.7946964071856284,0.12677454636248595,5.632106309795958,5.477160644537218,Inner_Race,0,1797.0,IR007_0.mat,1,12000,1
0.28949241929078673,0.2891423143296357,1.511134011976048,2.723549820359281,0.13552782483453393,5.129411829842863,5.2199432913583745,Inner_Race,0,1797.0,IR007_0.mat,2,12000,1
0.2939766028625091,0.29361131306374133,1.6389704590818364,2.8744520558882236,0.13548456107229098,5.170902739099672,5.575173136647109,Inner_Race,0,1797.0,IR007_0.mat,3,12000,1
0.2916855944032414,0.29133163196676204,1.7026450299401197,2.997253013972056,0.1643582555054451,5.587381198263341,5.837261293015021,Inner_Race,0,1797.0,IR007_0.mat,4,12000,1
0.2909406869056148,0.2906052952755096,1.6638230339321358,2.92643129740519,0.14554820079480874,5.463266247620681,5.718770556391458,Inner_Race,0,1797.0,IR007_0.mat,5,12000,1
0.2907480330641573,0.290465441634926,1.4987889421157685,2.7025956886227545,0.15825054383580253,5.265572276808131,5.154940951174178,Inner_Race,0,1797.0,IR007_0.mat,6,12000,1
0.2938273517322721,0.293565749521341,1.5135705389221557,2.676768502994012,0.19596200689475854,5.051581731509621,5.15122411170653,Inner_Race,0,1797.0,IR007_0.mat,7,12000,1
0.2916266621734573,0.2913623994487084,1.739030499001996,2.9608675449101796,0.20431328801575294,5.571116533513568,5.9632081855658114,Inner_Race,0,1797.0,IR007_0.mat,8,12000,1
0.2895325630526355,0.2892664046698352,1.5481692215568863,2.918309540918164,0.19411759359024844,5.555378288835923,5.347133342219048,Inner_Race,0,1797.0,IR007_0.mat,9,12000,1
0.2927227112092301,0.29247005967760265,1.608432654690619,2.861294810379242,0.1762499913374447,5.542989245383581,5.494731338221842,Inner_Race,0,1797.0,IR007_0.mat,10,12000,1
0.29313663557323205,0.2930795974172861,1.5808186826347306,2.7682194810379244,0.15999804782673316,5.385723617891519,5.392770779208206,Inner_Race,1,1772.0,IR007_1.mat,1,12000,1
0.28869330821459643,0.2886328890857477,1.5411845109780438,2.843102075848303,0.12923684694025525,5.513064334505767,5.338483668046868,Inner_Race,1,1772.0,IR007_1.mat,2,12000,1
0.29378804418535953,0.2937229731126522,1.5767578043912174,2.8049298203592814,0.1346794115635504,5.515130970006624,5.366991052217204,Inner_Race,1,1772.0,IR007_1.mat,3,12000,1
0.29051781156457135,0.2904560904535043,1.5047990419161676,2.782838642714571,0.141182972389276,5.80470590768056,5.179713539118777,Inner_Race,1,1772.0,IR007_1.mat,4,12000,1
0.29360178022262123,0.2935337247451541,1.5788694610778442,2.892482355289421,0.12142677612011307,5.680329109946834,5.377588173616246,Inner_Race,1,1772.0,IR007_1.mat,5,12000,1
0.2955762361845846,0.2955134171322314,1.5143827145708584,2.8452137325349303,0.11474962593137167,5.599804865150135,5.12349278859191,Inner_Race,1,1772.0,IR007_1.mat,6,12000,1
0.2926776816850429,0.29262258176573147,1.494890499001996,2.739306027944112,0.14495622901308627,5.446961334561388,5.107634071704455,Inner_Race,1,1772.0,IR007_1.mat,7,12000,1
0.291251028975784,0.29119722465750847,1.480758642714571,2.80135624750499,0.11559002451477465,5.302496394808537,5.084131884175037,Inner_Race,1,1772.0,IR007_1.mat,8,12000,1
0.29450410969490937,0.294458232699439,1.5069106986027945,2.909862914171657,0.12605120323584693,5.558193036029161,5.116773073774332,Inner_Race,1,1772.0,IR007_1.mat,9,12000,1
0.2948139732530964,0.29476681518625064,1.5419966866267465,2.897517844311377,0.11944655513833446,5.582902591956453,5.230405701642065,Inner_Race,1,1772.0,IR007_1.mat,10,12000,1
0.2978099930025074,0.29777826894617254,1.5281897005988025,2.7677321756487028,0.08393557973436125,5.5366528566288675,5.131425192256514,Inner_Race,2,1748.0,IR007_2.mat,1,12000,1
0.29591193093050533,0.2958764971915507,1.5376109381237524,2.8928072255489017,0.0886084364424516,5.590412252248053,5.196177569754222,Inner_Race,2,1748.0,IR007_2.mat,2,12000,1
0.3009467289098406,0.3009091603866011,1.6396201996007984,3.029252734530938,0.08699992512025065,5.513641987344607,5.4482074137845355,Inner_Race,2,1748.0,IR007_2.mat,3,12000,1
0.2957741254326359,0.2957339103088791,1.5889404391217565,2.8874468662674655,0.10130956716745988,5.6442036937079605,5.372141450160913,Inner_Race,2,1748.0,IR007_2.mat,4,12000,1
0.3039601047857034,0.3039256385183339,1.5626259481037925,2.909862914171657,0.08396045441070726,5.632070068505411,5.140891595643672,Inner_Race,2,1748.0,IR007_2.mat,5,12000,1
0.2991776065741513,0.2991430813233941,1.4742612375249502,2.78884874251497,0.07822139332026964,5.467032606647392,4.927712519685373,Inner_Race,2,1748.0,IR007_2.mat,6,12000,1
0.299633128062627,0.29959746464028103,1.473936367265469,2.785275169660679,0.10532425034923981,5.543356132831176,4.919136868462016,Inner_Race,2,1748.0,IR007_2.mat,7,12000,1
0.29926778037618557,0.2992312677708066,1.5075604391217565,2.7955085828343313,0.08446346558939358,5.535959249552257,5.037496643396502,Inner_Race,2,1748.0,IR007_2.mat,8,12000,1
0.30181985868763106,0.3017891008387706,1.4750734131736527,2.8099653093812376,0.08987949737750464,5.6980130437927725,4.887264276073637,Inner_Race,2,1748.0,IR007_2.mat,9,12000,1
0.30163319495101787,0.30160230986953196,1.504961477045908,2.9304921756487023,0.098403851668689,5.481097078713083,4.989376176883643,Inner_Race,2,1748.0,IR007_2.mat,10,12000,1
0.31234598771021005,0.31231275764337113,1.5354992814371258,3.0370496207584834,-0.013988562052538477,5.219967622167993,4.916020508839509,Inner_Race,3,1721.0,IR007_3.mat,1,12000,1
0.30714447080262325,0.3071116351439424,1.398891337325349,2.7248493013972053,-0.009244561398982208,5.214775103480263,4.554506007123607,Inner_Race,3,1721.0,IR007_3.mat,2,12000,1
0.3140434375533126,0.31401152414267647,1.483032734530938,2.960705109780439,-0.008705391665368998,5.257145245105645,4.72238091037701,Inner_Race,3,1721.0,IR007_3.mat,3,12000,1
0.31341220494916794,0.3133759311154239,1.507073133732535,2.8981675848303396,-0.005709605727037477,5.226916514467317,4.808597463449025,Inner_Race,3,1721.0,IR007_3.mat,4,12000,1
0.3119104281834451,0.31187750177733436,1.5091847904191618,2.9072639520958083,-0.02868043863802774,5.24409316872702,4.838519825094013,Inner_Race,3,1721.0,IR007_3.mat,5,12000,1
0.31353835484352194,0.3135004860521082,1.5075604391217565,2.887121996007984,-0.007788390023507047,5.2877515001252995,4.808216971968667,Inner_Race,3,1721.0,IR007_3.mat,6,12000,1
0.3128957205090265,0.31285794703942493,1.4848195209580837,2.8128891417165667,0.0019099674987376194,5.354483214450495,4.745413323462982,Inner_Race,3,1721.0,IR007_3.mat,7,12000,1
0.3225073463505673,0.32247330655529943,1.517468982035928,3.0240548103792415,-0.024983594021589534,5.375022249302067,4.70522299478546,Inner_Race,3,1721.0,IR007_3.mat,8,12000,1
0.31340346920842366,0.31336823009559667,1.6714574850299402,3.1882767265469063,-0.015146172919646225,5.39368594985889,5.333244999653676,Inner_Race,3,1721.0,IR007_3.mat,9,12000,1
0.3167548810354089,0.31671351255280655,1.4641902594810379,2.9100253493013972,-0.02035793927415903,5.302606802895284,4.622471024581817,Inner_Race,3,1721.0,IR007_3.mat,10,12000,1
0.071460675407054,0.0704838579891683,0.26396890970736603,0.5278318438895804,-0.012766025708738398,2.7955358778970902,3.6939044894796673,Normal,0,1796.0,Normal_0.mat,1,12000,0
0.07083000868506167,0.06969251338408282,0.2821115831906569,0.5150453968323001,0.03942406911076292,2.787905154714438,3.982938706742744,Normal,0,1796.0,Normal_0.mat,2,12000,0
0.07103892864713791,0.06982580301849206,0.25356217084963445,0.48246279224455957,0.01075920235804123,2.7286375491942247,3.5693411440524336,Normal,0,1796.0,Normal_0.mat,3,12000,0
0.07295154887796773,0.07196633480391991,0.26656867730656547,0.49021016030820425,-0.02250093637277137,2.815039863042446,3.654050961309644,Normal,0,1796.0,Normal_0.mat,4,12000,0
0.07246557068475423,0.07120332234955079,0.27389395266815114,0.4925436359524076,0.060581473801215875,2.7939523064729106,3.7796425265132796,Normal,0,1796.0,Normal_0.mat,5,12000,0
0.06118114174910977,0.06025766907733847,0.2439322793591281,0.4458275555103901,0.013847499213660585,2.9193954384047607,3.9870501331838497,Normal,1,1772.0,Normal_1.mat,1,12000,0
0.06081451624132191,0.05993197675683932,0.24355806156746965,0.468617963751331,0.004586307385922668,2.919152706413499,4.004932976873343,Normal,1,1772.0,Normal_1.mat,2,12000,0
0.06141867281964504,0.060265907609013875,0.22292318357214166,0.41135921267692466,0.04385439526276581,2.901831882468298,3.6295669270931996,Normal,1,1772.0,Normal_1.mat,3,12000,0
0.06204206246219977,0.06086229690565459,0.2822164935827138,0.5378525485459558,0.036992127116918454,3.0957461596519056,4.5487929056945715,Normal,1,1772.0,Normal_1.mat,4,12000,0
0.062370963371234954,0.06021653140269564,0.25034011824830626,0.4770475619065092,0.06407492401560361,2.9783850215778194,4.013728580048859,Normal,1,1772.0,Normal_1.mat,5,12000,0
0.06137309155250962,0.060410759269129415,0.23934234331246546,0.43771056420245424,0.0492797448098937,2.9827730788463924,3.899792845007471,Normal,1,1772.0,Normal_1.mat,6,12000,0
0.061454662271938514,0.06035128080743075,0.24263723346308272,0.4492765552281134,0.02070603526026911,2.998624238308948,3.9482315009625553,Normal,1,1772.0,Normal_1.mat,7,12000,0
0.06209778648599127,0.06034047842859416,0.24294959402699287,0.45656081589670783,0.011428528932832062,3.011132275528992,3.912371241796199,Normal,1,1772.0,Normal_1.mat,8,12000,0
0.061489156687084226,0.05962921674611805,0.2354998115589621,0.43951317486436237,0.02894213768999151,2.9402322638797016,3.829940500849782,Normal,1,1772.0,Normal_1.mat,9,12000,0
0.06113608013070191,0.05989520507061313,0.2335027739175629,0.45228420545973214,0.013029654517945648,2.9491473627176235,3.8193939391986014,Normal,1,1772.0,Normal_1.mat,10,12000,0
0.05769908618714279,0.056049094496566795,0.21145987378553543,0.42286285266715173,-0.0002974024825633964,2.920355625449164,3.664873878585888,Normal,2,1750.0,Normal_2.mat,1,12000,0
0.057288787443999796,0.05626222019916222,0.22635600685427068,0.4505271425106735,-0.005268452781423288,3.0323910073233757,3.9511397771428713,Normal,2,1750.0,Normal_2.mat,2,12000,0
0.05700714361672793,0.056072634657401046,0.23897077872778366,0.4532271518143842,0.03582865085189655,3.002294063053681,4.191944440058932,Normal,2,1750.0,Normal_2.mat,3,12000,0
0.0574673930828384,0.05620352045530854,0.23684169074839914,0.4352772097996688,-0.001129325121747733,2.9835999347268976,4.121323032819591,Normal,2,1750.0,Normal_2.mat,4,12000,0
0.05753464977927928,0.05632794563800736,0.262988212208692,0.49616971196427384,0.006407140821953053,3.002547599190301,4.570953559595759,Normal,2,1750.0,Normal_2.mat,5,12000,0
0.057241618413860704,0.05579121317920819,0.21786661652655265,0.41695051476519285,0.019799371458389083,2.9292797879910095,3.8060876432836426,Normal,2,1750.0,Normal_2.mat,6,12000,0
0.0572110346118521,0.05576882209258315,0.23038663883058938,0.4439239570931738,0.008855608940739368,2.9494924539921423,4.026961588680332,Normal,2,1750.0,Normal_2.mat,7,12000,0
0.05712740939811733,0.05546664013861191,0.2092182431327394,0.4126092707447918,0.0012803186996008637,2.9243393602698697,3.6623093071613066,Normal,2,1750.0,Normal_2.mat,8,12000,0
0.05723764893558885,0.055691859488689016,0.240624128743008,0.43521404855879,0.07326698352513719,3.0051463348181637,4.203948506232133,Normal,2,1750.0,Normal_2.mat,9,12000,0
0.05763436850665069,0.056427162435554644,0.23880217233349813,0.468262818632168,0.04764372691537601,3.020787342326095,4.143398783070585,Normal,2,1750.0,Normal_2.mat,10,12000,0
0.0584055283030335,0.056627702129236894,0.24000951061383066,0.4687744565345402,0.04334213525044056,3.0763134718529646,4.1093628905907,Normal,3,1725.0,Normal_3.mat,1,12000,0
0.057700753716399954,0.05610764295146341,0.22091846188788378,0.4151963783408956,0.05039701069323736,3.01741517641332,3.828692827371047,Normal,3,1725.0,Normal_3.mat,2,12000,0
0.057429255206843055,0.056675529100350765,0.23970986467895627,0.4430662077594174,0.04681987541753953,3.00470244263609,4.174002671906379,Normal,3,1725.0,Normal_3.mat,3,12000,0
0.057382506282451985,0.05606762989757306,0.21691752533838726,0.40655687222551906,0.024831024582301502,3.012646485017234,3.780203051268995,Normal,3,1725.0,Normal_3.mat,4,12000,0
0.05747511837385774,0.05600559035898381,0.23742536247394222,0.4175938351423978,0.022600747357968378,3.0141263029975423,4.130924288481917,Normal,3,1725.0,Normal_3.mat,5,12000,0
0.058147008737851356,0.05682735987862838,0.23937605462636455,0.42268098893240197,0.028134186866128785,3.0562315798289643,4.116738931585665,Normal,3,1725.0,Normal_3.mat,6,12000,0
0.058017030770862864,0.05699078008568757,0.23756236510337683,0.4506491658211562,-0.0012543582115251732,3.045024222549205,4.094700503402609,Normal,3,1725.0,Normal_3.mat,7,12000,0
0.058111175187196856,0.056813998050216925,0.27428084185204704,0.46703898008691286,0.01109259935756824,3.0144871452942317,4.719932800678879,Normal,3,1725.0,Normal_3.mat,8,12000,0
0.058516257319905375,0.05691512367416793,0.2688006247310136,0.5160280519168636,0.0469796942433532,3.1105410616663534,4.593605897613964,Normal,3,1725.0,Normal_3.mat,9,12000,0
0.05799178878549919,0.05648688159836924,0.24868244176507068,0.4674818366180237,0.03113945229863684,3.1513338282862353,4.288235403203386,Normal,3,1725.0,Normal_3.mat,10,12000,0
0.6764078700101428,0.6755668051287351,3.547583233532934,6.760144011976047,0.08273904135319336,7.620690955942053,5.244739735922554,Outer_Race,0,1796.0,OR007@6_0.mat,1,12000,1
0.6466910424901225,0.6459745079041898,3.366874151696607,6.373142315369261,0.043473025891768956,7.446700449745028,5.20631017051397,Outer_Race,0,1796.0,OR007@6_0.mat,2,12000,1
0.6746548856793175,0.6741144159388903,3.3295140718562872,6.613140219560878,0.0475137761879954,7.663857311851612,4.935136678812846,Outer_Race,0,1796.0,OR007@6_0.mat,3,12000,1
0.6941212232893964,0.6936830623616004,3.4635230538922155,6.700855189620759,0.047346508026075526,7.617467166215187,4.989795640419694,Outer_Race,0,1796.0,OR007@6_0.mat,4,12000,1
0.665123853935349,0.6647010263236086,3.3006818363273456,6.458420758483034,0.06803580215155192,7.460580874762868,4.9625070831517295,Outer_Race,0,1796.0,OR007@6_0.mat,5,12000,1
0.654577605970855,0.6542140589615862,3.466771756487026,6.624104590818364,0.045834432580746515,7.587000727783691,5.2961966997712775,Outer_Race,0,1796.0,OR007@6_0.mat,6,12000,1
0.6769135894838354,0.6766318995885022,3.630425149700599,7.039126347305389,0.07557544178263889,7.828350183041909,5.363203230221592,Outer_Race,0,1796.0,OR007@6_0.mat,7,12000,1
0.6896033075038522,0.6893690011473828,3.430223852295409,6.67608383233533,0.03891744254400295,7.571734543956412,4.9741986660588156,Outer_Race,0,1796.0,OR007@6_0.mat,8,12000,1
0.6511984826979904,0.650975701899598,3.383117664670659,6.5262374251497,0.04346679164238539,7.699653979301323,5.195217363919541,Outer_Race,0,1796.0,OR007@6_0.mat,9,12000,1
0.6615571056680097,0.6613353067363049,3.4058585828343313,6.61679500998004,0.07156015141721858,7.870871079289511,5.14824578808696,Outer_Race,0,1796.0,OR007@6_0.mat,10,12000,1
0.6005299941688693,0.6005186611624977,3.0712422155688626,6.083195608782436,0.03219076418598773,7.544639950434705,5.114219515079255,Outer_Race,1,1773.0,OR007@6_1.mat,1,12000,1
0.5878629282844207,0.5878534593245774,3.0111412175648704,5.960150998003992,0.04756745593734895,7.584218480166566,5.122182523657991,Outer_Race,1,1773.0,OR007@6_1.mat,2,12000,1
0.5902453571507061,0.5902368782603865,3.0143899201596804,5.940658782435129,0.023980820358837713,7.515379767070447,5.107011658187465,Outer_Race,1,1773.0,OR007@6_1.mat,3,12000,1
0.5871742969409943,0.5871616792393665,3.0960135728542912,5.9906075848303395,0.04083373409711421,7.615704766683836,5.27273347791893,Outer_Race,1,1773.0,OR007@6_1.mat,4,12000,1
0.5931910292644748,0.5931750960750142,2.948197604790419,5.884618662674651,0.03436390509564343,7.515677270167718,4.970064379506931,Outer_Race,1,1773.0,OR007@6_1.mat,5,12000,1
0.59426739592506,0.5942496820112426,3.080988323353293,5.9199483033932125,0.0409573190951014,7.456232876606565,5.18451516014488,Outer_Race,1,1773.0,OR007@6_1.mat,6,12000,1
0.5948703507221402,0.5948552460630995,2.9388575848303393,5.769695808383234,0.02634439643546207,7.514664761029159,4.940332933491686,Outer_Race,1,1773.0,OR007@6_1.mat,7,12000,1
0.5926154546259742,0.5925986264262753,3.011953393213573,5.964211876247505,0.020417844585919002,7.576569432117127,5.082475270771583,Outer_Race,1,1773.0,OR007@6_1.mat,8,12000,1
0.5898202826457764,0.5898030489960192,3.112257085828343,6.074261676646707,0.0420864235284842,7.718859192629668,5.276619298114993,Outer_Race,1,1773.0,OR007@6_1.mat,9,12000,1
0.5916880759205905,0.591672072652878,3.0907344311377245,6.0527390219560875,0.01663441089294053,7.770849074973426,5.223587489622703,Outer_Race,1,1773.0,OR007@6_1.mat,10,12000,1
0.5621475525199261,0.5621312982201343,2.928705389221557,5.649493812375249,0.013862443585686328,7.8218988008653465,5.209851712585274,Outer_Race,2,1750.0,OR007@6_2.mat,1,12000,1
0.566947206298771,0.56693066892988,2.985557684630739,5.861877744510979,0.038451904062352105,7.835155674028144,5.266024157913221,Outer_Race,2,1750.0,OR007@6_2.mat,2,12000,1
0.5635926873331066,0.5635807114819609,3.0822065868263473,6.020658083832336,0.04087942814766647,7.8591251531468505,5.468854823882119,Outer_Race,2,1750.0,OR007@6_2.mat,3,12000,1
0.5718492437113926,0.5718374390358214,2.8600765469061877,5.596702395209581,0.005320662404008417,7.7723804731747155,5.001452005678693,Outer_Race,2,1750.0,OR007@6_2.mat,4,12000,1
0.5715153159510344,0.5715020595938141,2.998146407185629,5.8021828343313375,0.0006878544378195897,7.906949796930511,5.24595986057966,Outer_Race,2,1750.0,OR007@6_2.mat,5,12000,1
0.5670499541177411,0.5670377149967324,3.0095168662674654,5.853349900199601,0.03082773880172107,7.847374811065201,5.307322299231816,Outer_Race,2,1750.0,OR007@6_2.mat,6,12000,1
0.5689234012360542,0.5689098206185101,3.005455988023952,5.823705489021956,0.011662599631339527,7.9799772385778,5.2827076219649935,Outer_Race,2,1750.0,OR007@6_2.mat,7,12000,1
0.5769193798055741,0.5769059072840487,3.1012927145708584,6.031216367265469,0.03460657752670995,7.790170421754377,5.375608487300282,Outer_Race,2,1750.0,OR007@6_2.mat,8,12000,1
0.5776551627988649,0.5776418431416401,3.010329041916168,5.8907099800399205,0.018333204139067725,7.852568508929241,5.211290811165729,Outer_Race,2,1750.0,OR007@6_2.mat,9,12000,1
0.5738838205038875,0.5738713451857739,3.0302273453093815,5.902486526946108,-0.003254437402084656,7.835708167246061,5.280210448603952,Outer_Race,2,1750.0,OR007@6_2.mat,10,12000,1
0.5669407914999361,0.5669222686370251,3.0862674650698603,6.047459880239521,0.004892220873430977,8.053919927152082,5.443720951714599,Outer_Race,3,1725.0,OR007@6_3.mat,1,12000,1
0.5768901529709353,0.5768693485658816,3.1841346307385225,6.122992215568862,0.00794086106789124,7.965047417993447,5.5194816800746205,Outer_Race,3,1725.0,OR007@6_3.mat,2,12000,1
0.5766871443015165,0.5766632483373209,3.134998003992016,6.122992215568862,-0.02481789510531512,8.064078258317968,5.436219681624992,Outer_Race,3,1725.0,OR007@6_3.mat,3,12000,1
0.5853263828941563,0.5853041417769185,3.1301249500998,6.104312175648703,0.00448211590646457,7.9065920895611495,5.347657378132938,Outer_Race,3,1725.0,OR007@6_3.mat,4,12000,1
0.5826670842318136,0.5826500446176097,3.236113872255489,6.239133333333333,-0.015257359989122915,7.97832666282033,5.553967196417095,Outer_Race,3,1725.0,OR007@6_3.mat,5,12000,1
0.5827215872161201,0.5827079003927469,3.1276884231536926,6.076698203592814,-0.009958691976332321,7.931914390022425,5.367380395320233,Outer_Race,3,1725.0,OR007@6_3.mat,6,12000,1
0.5845547774202647,0.5845385443264702,3.159769361277445,6.12542874251497,-0.001560360307002326,7.986242506889479,5.405429026210377,Outer_Race,3,1725.0,OR007@6_3.mat,7,12000,1
0.5759951800369841,0.5759789764029782,2.9774359281437124,5.9495927145708585,0.011387228443062433,7.913347616994271,5.16920285331647,Outer_Race,3,1725.0,OR007@6_3.mat,8,12000,1
0.5862555768813936,0.5862398225094003,3.013577744510978,5.937410079840319,0.006765803830161442,7.844739610208764,5.140382221252046,Outer_Race,3,1725.0,OR007@6_3.mat,9,12000,1
0.5831933499381288,0.5831788715278812,3.110632734530938,6.06289121756487,-0.002780149126186441,8.01554186620062,5.333793217739788,Outer_Race,3,1725.0,OR007@6_3.mat,10,12000,1
